10-Dec,17-Dec,19-Nov,22-Dec,28-Dec,30-Nov,4-Dec,7-Dec,Additional Sources,Company,Company and Scientific Name,Company's Country,Confirmed agreement status,Date of Deal,Deal Last Updated Date,Distribution Priorities (stated by vaccine developer),EUA Approval Date,Expected Availability - Quarter,F41,First Delivery Date,Original Sources,Other notes,Partners,Population Distribution Priority (by purchaser),Purchaser Entity / Country,Purchaser's country Economic  Status,Purchaser's Country Income Status,Scientifc Name,Source (10/28/2020),Source (10/30/20),Source (11/10/20),Team Member (last updated by),Type of Vaccine,Vaccine  Cost to Individual,% of national population able to be vaccinated,% of national population able to be vaccinated with additional doses,Any Intermediaries,confirmed + potential ,COVID Burden (cases/million),COVID Burden (death/million),"COVID Burden Data is based on cumulative COVID-19 cases per million, extracted from https://ourworldindata.org/coronavirus",Doses intended to be purchased,EU population pulled from: https://ec.europa.eu/eurostat/statistics-explained/index.php?title=Population_statistics_at_regional,Expected Availability - Year,F1,Files Saved,First Delivery Dose,General Vaccine Uptake Rate,Inclusion in Partnerships,Key informants,Number of Doses Needed per Person,Number of Doses Procured,Number of people able to be vaccinated with additional doses,Number of people able to be vaccinated with doses procured,Population,Population covered with first delivery,Regulatory Approval Date,Second Delivery Dose,Target Price Per Dose,Value of Deal (USD)
Source,Source,,,,,,,https://www.reuters.com/article/health-coronavirus-astrazeneca/britain-and-other-nations-press-on-with-astrazeneca-vaccine-amid-trial-questions-idUSKBN28710J,Oxford University,Oxford University_AZD1222,UK,Confirmed agreement,,,,2020/12/30,Q4,,,Providing at cost: https://www.bbc.co.uk/news/health-54027269; https://www.bbc.com/news/health-53469269,"Providing ""at cost"" during the pandemic to ensure equitable reach",AstraZeneca,,UK,High income,HIC,AZD1222,,,,Andrea,Adenoviral,,0.748117680,,,0.748117680,33331,930,,,,2020,1,,,,,,2,100000000,,50000000,66834405,,,,4,
Source:,,Source,,,,,,,Oxford University,Oxford University_AZD1222,UK,Confirmed agreement,,,,,,,,,,AstraZeneca,,Argentina,Upper middle income,LMIC,AZD1222,,,,,Adenoviral,,0.244777821,,,0.244777821,35032,818.7,,,,,1,,,,,,2,22000000,,11000000,44938712,,,,4,
Source:,Source,Source,,,,,,Source: https://www.biospectrumasia.com/news/37/17263/australia-secures-20-million-extra-astra-zeneca-vaccines-doses.html,Oxford University,Oxford University_AZD1222,UK,Confirmed agreement; also includes manufacturing info,,2020/12/11,,,Q1,,,https://www.biopharma-reporter.com/Article/2020/09/07/Australia-announces-deal-for-84-million-COVID-19-vaccine-doses,Added 20m to original order on Dec 11 2020,AstraZeneca,,Australia,High income,HIC,AZD1222,,,,,Adenoviral,,1.060545435,,,1.060545435,1110,35.57,,,,2021,1,,,,,,2,53800000,,26900000,25364307,,,,4,
Source:,,,,,Source,,Source:,,Oxford University,Oxford University_AZD1222,UK,Confirmed agreement,,,,,Q1,,,,,AstraZeneca,,Bangladesh,Lower middle income,LMIC,AZD1222,,,,,Adenoviral,,0.091998486,,,0.091998486,3085,38.79,,,,2021,1,,,,,,2,30000000,,15000000,163046161,,,,,87000000
,Source,,,,Source,,Source,Source: https://www.fiercepharma.com/manufacturing/astrazeneca-bumps-up-vaccine-deal-brazil-to-360m-more-doses-licensing-rights,Oxford University,Oxford University_AZD1222,UK,Confirmed agreement,2020/8/6,2020/12/11,,,Q4,also includes manufacturing,,Source: https://www.reuters.com/article/us-health-coronavirus-brazil/brazils-bolsonaro-orders-360-million-to-be-set-aside-for-astrazeneca-coronavirus-vaccine-idUSKCN2523BH,"Source says this ""builds on"" previous agreement for 30m but not sure if that is included in 100m or not. ""Brazil has also committed to produce an additional 70 million doses, with AstraZeneca supplying the unfinished vaccine at no cost.""",AstraZeneca,,Brazil,Upper middle income,LMIC,AZD1222,,,,Andrea,Adenoviral,,0.236911216,,,0.236911216,32791,845.72,,,,2020,1,,,,,,2,100000000,,50000000,211049527,,,,4,360000000
,,,,,Source:,Source,,,Oxford University,Oxford University_AZD1222,UK,Confirmed agreeement,,,,,,,,https://ipolitics.ca/2020/09/25/canada-signs-deal-with-astrazeneca-for-20m-doses-of-vaccine-candidate/,,AstraZeneca,,Canada,High income,HIC,AZD1222,,,,,Adenoviral,,0.266033422,,,0.266033422,14588,303.51,,,,,1,,,,,,2,20000000,,10000000,37589262,,,,4,
,,,,,,link,,,Oxford University,Oxford University_AZD1222,UK,Confirmed agreement,,,,,Q1/Q2,,,,,AstraZeneca,,Chile,High income,HIC,AZD1222,https://fundacioncarlosslim.org/astrazeneca-anuncia-acuerdo-con-la-fundacion-carlos-slim-para-suministrar-la-vacuna-covid-19-a-america-latina/,,,,Adenoviral,,0.379906372,,,0.379906372,31303,788.28,,,,2021,1,,,,,,2,14400000,,7200000,18952038,,,,4,
,,,,,,,,,Oxford University,Oxford University_AZD1222,UK,Confirmed agreement,2020/12/18,,,,,,,,,AstraZeneca,,Colombia,Upper middle income,LMIC,AZD1222,,,,Blen,Adenoviral,,0.099325692,,,0.099325692,31148,,,,,,1,,,,,,2,10000000,,5000000,50339443,,,,,
,,,,,,,,,Oxford University,Oxford University_AZD1222,UK,,2020/11/12,2020/12/11,,,Q1,,,,,AstraZeneca,,Costa Rica,Upper middle income,LMIC,AZD1222,,,,Blen,Adenoviral,,0.099057743,,,0.099057743,31996,,,,,2021,1,,,,,,2,1000000,,500000,5047561,,,,4,4000000
,,,,,,,,,Oxford University,Oxford University_AZD1222,UK,Confirmed agreement; also includes manufacturing info,,,,,Q4,,,CEPI: https://cepi.net/news_cepi/cepi-partners-with-astrazeneca-to-manufacture-300-million-globally-accessible-doses-of-covid-19-vaccine/,CEPI will invest a total of up to $383m in this partnership.,AstraZeneca,,COVAX,Global entity/ COVAX,Global Entity,AZD1222,,,,Blen,Adenoviral,,,,,0,,,,,,2020,1,,,,,,2,470000000,,235000000,,,,,3,
,,,Source,,,,,,Oxford University,Oxford University_AZD1222,UK,Confirmed agreeement,,,,,,,,"https://www.metro.us/ecuador-signs-covid-19-vaccine/#:~:text=The%20government%20of%20President%20Lenin%20Moreno%20has%20also,from%20COVAXX%2C%20a%20unit%20of%20United%20Biomedical%20Inc.",,AstraZeneca,,Ecuador,Upper middle income,LMIC,AZD1222,https://twitter.com/Lenin/status/1319620792414539777?s=20,,,,Adenoviral,,0.143895973,,,0.143895973,11862,748.23,,,,2021,1,,,,,,2,5000000,,2500000,17373662,,,,4,
,,,Source,,,,,,Oxford University,Oxford University_AZD1222,UK,Confirmed agreement,,,,,,,,,,AstraZeneca,,Egypt,Lower middle income,LMIC,AZD1222,https://www.washingtonpost.com/world/asia_pacific/china-and-russia-are-ahead-in-the-global-coronavirus-vaccine-race-bending-long-standing-rules-as-they-go/2020/09/18/9bfd4438-e2d4-11ea-82d8-5e55d47e90ca_story.html,,,,Adenoviral,,0.149420141,,,0.149420141,1283,63.99,,,,,1,,,,,,2,30000000,,15000000,100388073,,,,4,
Source:,,,,,,,,,Oxford University,Oxford University_AZD1222,UK,,,,,,,,,,,AstraZeneca,,El Salvador,Lower middle income,LMIC,AZD1222,,,,Blen,Adenoviral,,0.154953403,,,0.154953403,6879,,,,,,1,,,,,,2,2000000,,1000000,6453553,,,,,
,,,,,,,,,Oxford University,Oxford University_AZD1222,UK,Confirmed agreement,,,,,Q4,,,EU: https://www.astrazeneca.com/media-centre/press-releases/2020/astrazeneca-concludes-agreement-with-the-european-commission-for-the-supply-of-up-to-400-million-doses-of-azd1222-covid-19-vaccine.html,,AstraZeneca,,EU,High income,HIC,AZD1222,,,Source (11/10/20),,Adenoviral,,0.446915349,,,0.446915349,32905,537.16,,,,2020,1,,,,,,2,400000000,,200000000,447512041,,,,4,966000000
,,,,,,,,Guardian,Oxford University,Oxford University_AZD1222,UK,Confirmed agreement; also includes manufacturing info,,,,,Q1,,,https://www.nytimes.com/2020/08/01/world/asia/coronavirus-vaccine-india.html,"Changed to confirmed as SII has confirmed that 50% of all vaccines will stay in India (SII only, other India manufacturers have not committed to this). The other 500M that are part of the confirmed deal do not yet have publicly confirmed purchase countries so they will be listed in manufacturing but not purchases yet.",AstraZeneca,,India,Lower middle income,LMIC,AZD1222,,,,,Adenoviral,,0.182960152,,,0.182960152,7382,96.91,,,,2021,1,,,,,,2,500000000,,250000000,1366417754,,,,,
,,,,Source*,,,,,Oxford University,Oxford University_AZD1222,UK,Confirmed agreement,2020/10/14,,,,Q2,,,Source: https://www.thejakartapost.com/news/2020/10/14/indonesia-secures-deal-to-procure-100m-more-doses-of-vaccines.html,,AstraZeneca,,Indonesia,Upper middle income,LMIC,AZD1222,https://en.antaranews.com/news/158753/indonesia-secures-vaccine-supply-for-135-million-people-until-2021,,Source (11/10/20),Blen,Adenoviral,,0.184757118,,,0.184757118,2608,67,,,,2301,1,,,,,,2,100000000,,50000000,270625568,,,,4,500000000
Source:,,,,,,,,,Oxford University,Oxford University_AZD1222,UK,Almost final,,,,,Q1/Q2,,,https://www.reuters.com/article/health-coronavirus-astrazeneca-israel-in/israel-nears-deal-for-astrazenecas-covid-19-vaccine-idUSKBN2801S2,Expected to be confirmed ASAP,AstraZeneca,,Israel,High income,HIC,AZD1222,,,,,Adenoviral,,,0.552284802,,0.552284802,46383,324.19,,10000000,,2021,1,,,,,,2,,5000000,,9053300,,,,4,
,,Source,,,,,,,Oxford University,Oxford University_AZD1222,UK,Confirmed agreement; also includes manufacturing info,,,,,Q1,,,https://www.fiercepharma.com/pharma-asia/fiercepharmaasia-japan-covid-19-vax-deals-samsung-biologics-2b-super-plant-eisai-s-new,,AstraZeneca,,Japan,High income,HIC,AZD1222,,,,,Adenoviral,,0.475191326,,,0.475191326,1727,15.66,,,,2021,1,,,,,,2,120000000,,60000000,126264931,,,,4,
,,,,Source,,,,,Oxford University,Oxford University_AZD1222,UK,Confirmed agreement,,,,,Q1/Q2,,,,,AstraZeneca,,Latin America w/o Brazil,Upper middle income,LMIC,AZD1222,https://fundacioncarlosslim.org/astrazeneca-anuncia-acuerdo-con-la-fundacion-carlos-slim-para-suministrar-la-vacuna-covid-19-a-america-latina/,,,,Adenoviral,,,,,0,,,,,,2021,1,,,,,,2,150000000,,75000000,,,,,4,
,,,,,,,,,Oxford University,Oxford University_AZD1222,UK,,,,,,,,,,,AstraZeneca,,Malaysia,Upper middle income,LMIC,AZD1222,,,,Blen,Adenoviral,,0.100157194,,,0.100157194,3247,,,,,,1,,,,,,2,6400000,,3200000,31949777,,,,,
,,,,,,,,,Oxford University,Oxford University_AZD1222,UK,,,,,,Q4,,,,,AstraZeneca,,Mexico,Upper middle income,LMIC,AZD1222,,,,,Adenoviral,,0.303349712,,,0.303349712,10730,865.99,,,,2020,1,,,,,,2,77400000,,38700000,127575529,,,,4,
Source:,,,,,,,,,Oxford University,Oxford University_AZD1222,UK,confirmed agreement with unknown status,,2020/12/11,,,,,,,Manufacutring partners is R-Pharm,AstraZeneca,,Morocco,Lower middle income,LMIC,AZD1222,,,,Blen,Adenoviral,,,,,0,11706,142.4,,,,,1,,,,,,2,,,,36471769,,,,4,
,,,,,,,,,Oxford University,Oxford University_AZD1222,UK,,,,,,,,,,,AstraZeneca,,New Zealand,High income,HIC,AZD1222,,,,Blen,Adenoviral,,0.772828961,,,0.772828961,441,,,,,,1,,,,,,2,7600000,,3800000,4917000,,,,,
,,,,,,,,,Oxford University,Oxford University_AZD1222,UK,Potential agreement,,,,,,,,,also expected to recieve 1.3 million doses from COVAX,AstraZeneca,,Panama,High income,HIC,AZD1222,,,,,Adenoviral,,,0.128342830,,0.128342830,53010,704.33,,1090000,,,1,,,,,,2,,545000,,4246439,,,,4,4300000
,,,,,,,,,Oxford University,Oxford University_AZD1222,UK,Confirmed agreement,2020/11/27,2020/12/10,,,Q2/Q3,,,Source,"Purchase made by private companies, donating half the doses to government",AstraZeneca,,Philippines,Lower middle income,LMIC,AZD1222,,,,Jasmine,Adenoviral,,0.012024054,,,0.012024054,4280,79.18,,,,2021,1,,,,,,2,2600000,,1300000,108116615,,,,4,
,,,,,,,,,Oxford University,Oxford University_AZD1222,UK,Confirmed agreement,2020/12/8,2020/12/10,,,Q1/Q2,,,Source:,,AstraZeneca,,South Korea,High income,HIC,AZD1222,,,Source (11/10/20),Jasmine,Adenoviral,,0.193389566,,,0.193389566,1125,11,,,,2021,1,,,,,,2,20000000,,10000000,51709098,,,,4,
Source:,,,,,,,,,Oxford University,Oxford University_AZD1222,UK,,,,,,Q2/Q3,,,https://www.reuters.com/article/health-coronavirus-astrazeneca/britain-and-other-nations-press-on-with-astrazeneca-vaccine-amid-trial-questions-idUSKBN28710J,,AstraZeneca,,Thailand,Upper middle income,LMIC,AZD1222,,,,,Adenoviral,,0.186712981,,,0.186712981,88,,,,,2021,1,,,,,,2,26000000,,13000000,69625582,,,,4,200000000
Source:,,Source,,,,,,,Oxford University,Oxford University_AZD1222,UK,Confirmed agreement; also includes manufacturing info,,,,,Q4,,,https://www.wsj.com/articles/u-s-to-invest-1-2-billion-to-secure-potential-coronavirus-vaccine-from-astrazeneca-oxford-university-11590063053,,AstraZeneca,,USA,High income,HIC,AZD1222,,,,,Adenoviral,,0.761638933,,,0.761638933,57802,775.77,,,,2020,1,,,,,,2,500000000,,250000000,328239523,,,,4,1486927159
,,Source,,,,,,,Pfizer,Pfizer_BNT162,USA,Confirmed agreement,,,,2020/12/10,Q4,,2020/12/15,,"Regulatory review in Oct 2020, if approved they expect to have 1.3B doses by end of 2021",BioNTech and Fosun Pharma,,USA,High income,HIC,BNT162,,,,Blen,mRNA,Free to Americans,0.304655573,0.609311146,,0.913966719,57802,775.77,,400000000,,2020,2,,2900000,,,,2,200000000,200000000,100000000,328239523,1450000,,,20,1950000000
,,,,Source,,,,,Pfizer,Pfizer_BNT162,USA,,,,,,,,,,,BioNTech,,Argentina,Upper middle income,LMIC,BNT162,,,,,mRNA,,,0.008344698,,0.008344698,35032,818.7,,750000,,,2,,,,,,2,,375000,,44938712,,,,,
Source,,,,,,,,,Pfizer,Pfizer_BNT162,USA,Confirmed agreement,,,,,Q1/Q2,,,,,BioNTech and Fosun Pharma,,Australia,High income,HIC,BNT162,https://www.reuters.com/article/idUSKBN26X0AC,,,,mRNA,,0.197127404,,,0.197127404,1110,35.57,,,,2021,2,,,,,,2,10000000,,5000000,25364307,,,,,
Source:,,,,,,,,,Pfizer,Pfizer_BNT162,USA,Potential discussion,,2020/12/11,,,Q1/Q2,,,,,BioNTech and Fosun Pharma,,Brazil,Upper middle income,LMIC,BNT162,,,,Blen,mRNA,,,0.5,,0.5,32791,795.93,,70000000,,2021,2,,,,,,2,,35000000,,211049527,,,,,
,,,,Source,,,,,Pfizer,Pfizer_BNT162,USA,Confirmed agreement,,,,2020/12/14,Q4,,,,,BioNTech and Fosun Pharma,,Canada,High income,HIC,BNT162,,,,,mRNA,,0.266033422,0.744893582,,1.010927004,14588,303.51,,56000000,,2020,2,,,,,,2,20000000,28000000,10000000,37589262,,,,,
,,,,,,,,,Pfizer,Pfizer_BNT162,USA,Confirmed agreement,,,,2020/12/24,,,,,,BioNTech and Fosun Pharma,,Chile,High income,HIC,BNT162,https://www.reuters.com/article/idUSKBN26X0AC,,,,mRNA,,0.263823869,,,0.263823869,31303,788.28,,,,2021,2,,,,,,2,10000000,,5000000,18952038,,,,,
,,,,,,,,,Pfizer,Pfizer_BNT162,USA,,,,,,,,,,,"Shanghai Fosun Pharmaceutical (Group) Co, Ltd",,China,Upper middle income,LMIC,BNT162,,,,Blen,mRNA,,0.035772672,,,0.035772672,66,,,,,,2,,,,,,2,100000000,,50000000,1397715000,,,,,
Source:,,,,,,,,,Pfizer,Pfizer_BNT162,USA,Confirmed agreement,,,,,,,,,,,,Colombia,Upper middle income,LMIC,BNT162,,,Source (11/10/20),Blen,mRNA,,0.099325692,,,0.099325692,31148,,,,,,2,,,,,,2,10000000,,5000000,50339443,,,,,
,Source,,,,,,,,Pfizer,Pfizer_BNT162,USA,Confirmed agreement,,2020/12/11,,,Q1 - Q4,,,https://www.ministeriodesalud.go.cr/index.php/centro-de-prensa/noticias/741-noticias-2020/1907-costa-rica-firma-acuerdo-con-pfizer-y-biontech-para-suministro-de-vacuna-candidata-contra-el-sars-cov-2,,BioNTech and Fosun Pharma,,Costa Rica,Upper middle income,LMIC,BNT162,https://www.ministeriodesalud.go.cr/index.php/centro-de-prensa/noticias/741-noticias-2020/1907-costa-rica-firma-acuerdo-con-pfizer-y-biontech-para-suministro-de-vacuna-candidata-contra-el-sars-cov-2,,,Blen,mRNA,,0.297180658,,,0.297180658,31996,315.66,,,,2021,2,,,,,,2,3000075,,1500038,5047561,,,,,
,,,,,,,,,Pfizer,Pfizer_BNT162,USA,Confirmed agreement,,,,,,,,"https://www.metro.us/ecuador-signs-covid-19-vaccine/#:~:text=The%20government%20of%20President%20Lenin%20Moreno%20has%20also,from%20COVAXX%2C%20a%20unit%20of%20United%20Biomedical%20Inc.",,BioNTech and Fosun Pharma,,Ecuador,Upper middle income,LMIC,BNT162,https://twitter.com/Lenin/status/1319620792414539777?s=20,,,,mRNA,,0.057558389,,,0.057558389,11862,748.23,,,,2021,2,,,,,,2,2000000,,1000000,17373662,,,,,
Source:,Source,Source,,,,,,,Pfizer,Pfizer_BNT162,USA,Confirmed agreement,,,,2020/12/21,Q4,,,https://www.biopharma-reporter.com/Article/2020/09/10/EU-lines-up-deal-with-BioNTech-Pfizer-for-coronavirus-vaccine-supply. 09_30:https://www.fiercepharma.com/manufacturing/pfizer-biontech-near-euro-supply-deal-for-up-to-300m-doses-covid-19-vaccine,,BioNTech and Fosun Pharma,,EU,High income,HIC,BNT162,,,,Blen,mRNA,,0.335186512,,,0.335186512,32905,537.16,,,,2020,2,,,,,,2,300000000,,150000000,447512041,,,,19,
Source:,,Source,,,,,,Source: https://www.btimesonline.com/articles/137965/20200828/fosun-pharma-inks-agreement-to-supply-coronavirus-vaccines-in-hong-kong-and-macau.htm,Pfizer,Pfizer_BNT162,USA,Confirmed agreement,,2020/12/11,,,,,,link,"We originally had this under Fosun Pharma_BNT-162 but it is the Pfizer vaccine, sold by Fosun and distributed by Jacobson Pharma",BioNTech and Fosun Pharma,,Hong Kong,High income,HIC,BNT162,,,,Andrea,mRNA,,0.666009537,,,0.666009537,832,14.539148993,,,,,2,,,,,,2,10000000,,5000000,7507400,,,,,
,,,,,,,,,Pfizer,Pfizer_BNT162,USA,,,,,,,,,,,,,Iraq,Upper middle income,LMIC,BNT162,,,,Blen,mRNA,,0.019079220,,,0.019079220,14688,,,,,,2,,,,,,2,1500000,,750000,39309783,,,,,
,,,,,,,,,Pfizer,Pfizer_BNT162,USA,Confirmed agreement,,,,2020/12/19,Q4,,,,,BioNTech and Fosun Pharma,,Israel,High income,HIC,BNT162,,,,,mRNA, $28,0.441827842,,,0.441827842,46383,324.19,,,,2020,2,,,,,,2,8000000,,4000000,9053300,,,,,120000000
,,,,,,,,,Pfizer,Pfizer_BNT162,USA,Confirmed agreement,,,,,Q1,,,,,BioNTech and Fosun Pharma,,Japan,High income,HIC,BNT162,,,,,mRNA,,0.475191326,,,0.475191326,1727,15.66,,,,2021,2,,,,,,2,120000000,,60000000,126264931,,,,,
,,,,,,,,,Pfizer,Pfizer_BNT162,USA,Confirmed agreement,,,,2020/12/24,Q4,,,,,BioNTech and Fosun Pharma,,Kuwait,High income,HIC,BNT162,,,,,mRNA,,0.118847192,,,0.118847192,35043,202.78,,,,2020,2,,,,,,2,1000000,,500000,4207083,,,,,
,Source,,,,,,"link (Dec 8, 2020)",,Pfizer,Pfizer_BNT162,USA,"Potentional discussion, very close to final",,,,,Q1,,,,,BioNTech and Fosun Pharma,,Lebanon,Upper middle income,LMIC,BNT162,,,Source (11/10/20),Blen,mRNA,,0.145863749,,,0.145863749,25086,131.86,,,,2021,2,,,,,,2,2000000,,1000000,6855713,,,,,18000000
,,,,,link,,,,Pfizer,Pfizer_BNT162,USA,Confirmed agreement,,,,,Q1,,,,,BioNTech and Fosun Pharma,,Malaysia,Upper middle income,LMIC,BNT162,,,,,mRNA,,0.200314387,,,0.200314387,3247,,,,,2021,2,,,,,,2,12800000,,6400000,31949777,,,,,
,,,,Source,,,,,Pfizer,Pfizer_BNT162,USA,Confirmed agreement,2020/12/2,2020/12/11,,2020/12/24,Q4,,,Source: https://www.reuters.com/article/us-health-coronavirus-mexico/mexico-signs-deal-with-pfizer-for-34-4-million-doses-of-covid-19-vaccine-idUSKBN28C2VK,,BioNTech and Fosun Pharma,,Mexico,Upper middle income,LMIC,BNT162,,,,Blen,mRNA,,0.134822094,,,0.134822094,10730,865.99,,,,2020,2,,,,,,2,34400000,,17200000,127575529,,,,,
Source:,Source,,,,link,https://www.aa.com.tr/en/asia-pacific/indonesian-team-in-china-to-check-covid-19-vaccines/2008887,"link (Dec 6, 2020)",,Pfizer,Pfizer_BNT162,USA,Confirmed agreement,,,,,Q1,,,,,BioNTech and Fosun Pharma,,New Zealand,High income,HIC,BNT162,https://www.reuters.com/article/idUSKBN26X0AC,,,,mRNA,,0.152532032,,,0.152532032,441,5.18,,,,2021,2,,,,,,2,1500000,,750000,4917000,,,,,
,,,,,,,"link (Dec 3, 2020)",,Pfizer,Pfizer_BNT162,USA,Confirmed agreement,,,,,,,,,,BioNTech and Fosun Pharma,,Panama,High income,HIC,BNT162,,,Source (11/10/20),Blen,mRNA,,0.470982864,,,0.470982864,53010,704.33,,,,2021,2,,,,,,2,4000000,,2000000,4246439,,,,,48000000
,,,,,,,,,Pfizer,Pfizer_BNT162,USA,Confirmed agreement,,,,,Q1,,,,,BioNTech and Fosun Pharma,,Peru,Upper middle income,LMIC,BNT162,,,Source (11/10/20),,mRNA,,0.152258721,,,0.152258721,30497,1079.56,,,,2021,2,,,,,,2,9900000,,4950000,32510453,,,,,
,,,,,link,Source,"link (Dec 3, 2020)",,Pfizer,Pfizer_BNT162,USA,Confirmed but unknown doses,,,,2020/12/22,Q4,,,,,BioNTech and Fosun Pharma,,Qatar,High income,HIC,BNT162,https://www.albawaba.com/business/pr/pfizer-and-biontech-supply-qatar-their-bnt162-mrna-based-vaccine-candidate-against-0,,,,mRNA,,,,,0,49601,81.91,,,,2020,2,,,,,,2,,,,2832067,,,,,
Source (12/11),,,,,,,,Source: https://www.straitstimes.com/asia/east-asia/south-korea-reaches-deal-to-buy-astrazenecas-covid-19-vaccine-candidate,Pfizer,Pfizer_BNT162,USA,Confirmed agreement,2020/11/27,2020/12/11,,,Q1,,,Source:https://www.reuters.com/article/us-health-coronavirus-southkorea/south-korea-to-buy-millions-of-coronavirus-vaccine-doses-but-sees-no-need-to-hurry-idUSKBN28I053,,BioNTech and Fosun Pharma,,South Korea,High income,HIC,BNT162,,,,Andrea,mRNA,,0.193389566,,,0.193389566,1125,11,,,,2021,2,,,,,,2,20000000,,10000000,51709098,,,,,
,Source,,,,,,,,Pfizer,Pfizer_BNT162,USA,,,2020/12/12,,2020/12/23,,,,,,BioNTech and Fosun Pharma,,Switzerland,High income,HIC,BNT162,,,,Blen,mRNA,,0.174930541,,,0.174930541,49476,659.76,,,,,2,,,,,,2,3000000,,1500000,8574832,,,,,
,Source,,,,,,,,Pfizer,Pfizer_BNT162,USA,Confirmed agreement,,,,2020/12/3,Q4,,,https://health.economictimes.indiatimes.com/news/pharma/ec-to-order-covid-19-vaccines-from-biontech-pfizer/78032573,,BioNTech and Fosun Pharma,,UK,High income,HIC,BNT162,,,,,mRNA,,0.299247072,,,0.299247072,33331,930,,,,2020,2,,,,,,2,40000000,,20000000,66834405,,,,20,
,,,,Source,,,,,Pfizer,Pfizer_BNT162,USA,,,,,,,,,,,BioNTech and Fosun Pharma,,Indonesia,Upper middle income,LMIC,BNT162,,,,,mRNA,,,0.092378559,,0.092378559,2608,67,,50000000,,,2,,,,,,2,,25000000,,270625568,,,,,
Source:,,,,,,,,https://www.cnbc.com/2020/11/17/covid-vaccines-how-much-they-cost-whos-bought-them-and-how-theyre-stored.html,Moderna,Moderna_mRNA-1273,USA,Confirmed agreement,,,,2020/12/18,Q4 2020 and Q1 2021,,,"Price: https://www.bbc.co.uk/news/health-54027269

https://www.reuters.com/article/us-health-coronavirus-moderna-vaccine/u-s-inks-1-5-billion-deal-with-moderna-for-100-million-doses-of-covid-19-vaccine-idUSKCN2572T5",,NIH,,USA,High income,HIC,mRNA-1273,,,Source (11/10/20),Blen,mRNA,,0.304655573,0.456983360,,0.761638933,57802,775.77,,300000000,,,3,,,,,,2,200000000,150000000,100000000,328239523,,,,15,1500000000
,,,,,,Source,,,Moderna,Moderna_mRNA-1273,USA,Confirmed agreement,,,,2020/12/13,Q1,,,https://www.ctvnews.ca/health/coronavirus/feds-sign-deals-with-novavax-and-johnson-johnson-to-secure-millions-of-vaccine-doses-1.5085911,,,,Canada,High income,HIC,mRNA-1273,,,Source (11/10/20),Blen,mRNA,,0.532066844,,,0.532066844,14588,303.51,,,,2021,3,,,,,,2,40000000,,20000000,37589262,,,,,
Source:,,Source,,,,,,,Moderna,Moderna_mRNA-1273,USA,Confirmed agreement status,,,,,Q1,,,https://www.biopharma-reporter.com/Article/2020/09/10/EU-lines-up-deal-with-BioNTech-Pfizer-for-coronavirus-vaccine-supply,"""The envisaged contract with Moderna would provide for the possibility for all EU Member States to purchase the vaccine, as well as to donate to lower and middle income countries or re-direct to European countries.""",,,EU,High income,HIC,mRNA-1273,,,,,mRNA,,0.178766140,,,0.178766140,32905,537.16,,,,2021,3,,,,,,2,160000000,,80000000,447512041,,,,25,
Source:,,Source,,,,,,,Moderna,Moderna_mRNA-1273,USA,Confirmed agreement,,,,,,,,,,,,Israel,High income,HIC,mRNA-1273,,,,,mRNA,,0.331370881,,,0.331370881,46383,324.19,,,,2021,3,,,,,,2,6000000,,3000000,9053300,,,,12,66000000
,Source,,,,,,,,Moderna,Moderna_mRNA-1273,USA,Confirmed agreement,,,,,Q1/Q2,,,,,,,Japan,High income,HIC,mRNA-1273,https://investors.modernatx.com/news-releases/news-release-details/moderna-confirms-discussions-ministry-health-labour-and-welfare,,,,mRNA,,0.197996386,,,0.197996386,1727,15.66,,,,2021,3,,,,,,2,50000000,,25000000,126264931,,,,,
,Source,,,,,,,,Moderna,Moderna_mRNA-1273,USA,,,,,,,,,,,,,Mexico,Upper middle income,LMIC,mRNA-1273,,,,Blen,mRNA,,,0.152850630,,0.152850630,10730,,,39000000,,,3,,,,,,2,,19500000,,127575529,,,,,
,,,Source*,,,,,,Moderna,Moderna_mRNA-1273,USA,Confirmed deal but don't know exact doses,,,,,Q1/Q2,,,https://www.biopharma-reporter.com/Article/2020/09/10/EU-lines-up-deal-with-BioNTech-Pfizer-for-coronavirus-vaccine-supply,"""The envisaged contract with Moderna would provide for the possibility for all EU Member States to purchase the vaccine, as well as to donate to lower and middle income countries or re-direct to European countries.""",,,Qatar,High income,HIC,mRNA-1273,,,Source (11/10/20),,mRNA,,,,,0,49601,81.91,,,,2021,3,,,,,,2,,,,2832067,,,,,
Source:,,,,,,,,,Moderna,Moderna_mRNA-1273,USA,Confirmed agreement unknown amount,,,,,,,,,,,,Singapore,High income,HIC,mRNA-1273,,,Source (11/10/20),Blen,mRNA,,,,,0,10004,,,,,,3,,,,,,,,,,,,,,,
Source:,,,,,,,,,Moderna,Moderna_mRNA-1273,USA,Confirmed agreement,,2020/12/10,,,Q1,,,,,,,South Korea,High income,HIC,mRNA-1273,,,Source (11/10/20),Jasmine,mRNA,,0.193389566,,,0.193389566,1125,11,,,,2021,3,,,,,,2,20000000,,10000000,51709098,,,,,
Source:,,,,,,,,,Moderna,Moderna_mRNA-1273,USA,Confirmed agreement,,2020/12/10,,,Q4,,,,,,,Switzerland,High income,HIC,mRNA-1273,https://www.reuters.com/article/us-health-coronavirus-swiss/swiss-government-signs-agreement-with-moderna-for-covid-19-vaccine-idUSKCN25313R,,Source (11/10/20),Jasmine,mRNA,,0.437326352,,,0.437326352,49476,659.76,,,,2020,3,,,,,,2,7500000,,3750000,8574832,,,,,
Source,,,,,,,,Source: https://www.theguardian.com/world/2020/nov/16/uk-in-advanced-discussions-to-buy-moderna-covid-vaccine,Moderna,Moderna_mRNA-1273,USA,Confirmed agreement,,2020/12/11,,,,,,,Added 2m to original order for total of 7m on Nov 29,,,UK,High income,HIC,mRNA-1273,,,Source (11/10/20),Andrea,mRNA,,0.052368238,,,0.052368238,33331,930,,,,2021,3,,,,,,2,7000000,,3500000,66834405,,,,,
,,,,,,Source,,https://www.benzinga.com/general/biotech/20/09/17333128/every-coronavirus-vaccine-deal-novavax-has-negotiated,Novavax,Novavax_NVX-CoV2373,USA,Confirmed agreement,,,,,Q2,,,https://www.bloomberg.com/news/articles/2020-08-31/trudeau-unveils-covid-19-vaccine-deals-with-novavax-j-j,Trials supported by CEPI ($388M) + Operation Warp Speed ($1.6B),,,Canada,High income,HIC,NVX-CoV2373,,,Source (11/10/20),Blen,Protein adjuvant,,1.010927004,,,1.010927004,14588,303.51,,,,2021,4,,,,,,2,76000000,,38000000,37589262,,,,,
Source,,,,,,,,https://www.biospectrumasia.com/news/37/17263/australia-secures-20-million-extra-astra-zeneca-vaccines-doses.html,Novavax,Novavax_NVX-CoV2373,USA,Confirmed agreement,,2020/12/11,,,Q1/Q2,,,Source (11/10/20),"Added 11m doses to original order for total of 51m on Dec 11, 2020",,,Australia,High income,HIC,NVX-CoV2373,,,,Andrea,Protein adjuvant,,1.005349762,,,1.005349762,1110,35.57,,,,2021,4,,,,,,2,51000000,,25500000,25364307,,,,,
,,,,,,,,,Novavax,Novavax_NVX-CoV2373,USA,Potential deal _unknown amount,,,,,,,,,,,,EU,High income,HIC,NVX-CoV2373,,,,Blen,Protein adjuvant,,,0.223457675,,0.223457675,32905,537.16,,200000000,,,4,,,,,,2,,100000000,,447512041,,,,,
Source,,,,,,,,,Novavax,Novavax_NVX-CoV2373,USA,Confirmed agreement status,,,,,Q2,,,https://www.reuters.com/article/health-coronavirus-novavax/novavax-aims-for-2-bln-covid-19-vaccine-doses-with-expanded-serum-institute-deal-idUSL4N2GC2J1,Included as potential doses because SII deals are setting aside 50% of deal for India,,,India,Lower middle income,LMIC,NVX-CoV2373,,,Source (11/10/20),,Protein adjuvant,,0.365920304,,,0.365920304,7382,96.91,,,,2021,4,,,,,,2,1000000000,,500000000,1366417754,,,,3,
Source,,,,,,,,,Novavax,Novavax_NVX-CoV2373,USA,Confirmed agreement,,,,,,,,Source: https://www.livemint.com/news/world/indonesia-plans-massive-covid-19-vaccination-program-next-month-11605607853919.html,,,,Indonesia,Upper middle income,LMIC,NVX-CoV2373,,,Source (11/10/20),,Protein adjuvant,,0.055427135,,,0.055427135,2608,67,,,,2301,4,,,,,,2,30000000,,15000000,270625568,,,,,
Source:,,,,,,,,,Novavax,Novavax_NVX-CoV2373,USA,,,,,,,,,,,,,Mexico,Upper middle income,LMIC,NVX-CoV2373,,,Source (11/10/20),Blen,Protein adjuvant,,,0.039192469,,0.039192469,10730,,,10000000,,,4,,,,,,2,,5000000,,127575529,,,,,
Source:,,,,,,,,,Novavax,Novavax_NVX-CoV2373,USA,,,,,,Q2,,,,,,,New Zealand,High income,HIC,NVX-CoV2373,,,,Blen,Protein adjuvant,,1.088061826,,,1.088061826,441,,,,,2021,4,,,,,,2,10700000,,5350000,4917000,,,,,
Source:,,,,,,,,,Novavax,Novavax_NVX-CoV2373,USA,Confirmed agreement,,,,,Q1,,,https://www.biopharma-reporter.com/Article/2020/08/17/UK-strikes-deals-with-J-J-Novavax-to-source-90m-COVID-19-vaccines,Phase III trials will also take place in the UK (negotiated with FUJIFILM manufacturing deal),,,UK,High income,HIC,NVX-CoV2373,,,Source (11/10/20),,Protein adjuvant,,0.448870608,,,0.448870608,33331,930,,,,2021,4,,,,,,2,60000000,,30000000,66834405,,,,,
Source,,,,,,,,,Novavax,Novavax_NVX-CoV2373,USA,confirmed agreement; includes US military deal,,2020/12/18,,,Q1,,,https://www.nytimes.com/2020/07/07/health/novavax-coronavirus-vaccine-warp-speed.html,"""In June, Novavax secured a $60 million contract from the Defense Department to guarantee the delivery of 10 million doses to vaccinate American troops for the coronavirus.""",,American military troops (10M doses),USA,High income,HIC,NVX-CoV2373,,,Source (11/10/20),Blen,Protein adjuvant,,0.167560565,,,0.167560565,57802,775.77,,,,2021,4,,,,,,2,110000000,,55000000,328239523,,,,16,1660000000
Source:,,,,,,,,,Gamaleya Research Institute,Gamaleya Research Institute_Sputnik V,Russia,"Confirmed deal but don't know exact doses, only potential",,,,,,,,Source,"Vietnam made a deal for this vaccine but no further details available publicly -- Elina found one source listed that says the deal may be 50M-150M vaccine doses, but only reported info",,,Vietnam,Lower middle income,LMIC,Sputnik V,,,Source (11/10/20),Elina,Adeno-based,,,0.777507387,,0.777507387,15,0.36,,150000000,,,5,,,,,,2,,75000000,,96462106,,,,,
Source,,,,,,,,,Gamaleya Research Institute,Gamaleya Research Institute_Sputnik V,Russia,Confirmed agreement,,,,2020/12/29,Q4,,,,,,,Argentina,Upper middle income,LMIC,Sputnik V,,,,,Adeno-based,,0.278156615,,,0.278156615,35032,818.7,,,,2020,5,,,,,,2,25000000,,12500000,44938712,,,,3,
Source:,,,,,,Source,,,Gamaleya Research Institute,Gamaleya Research Institute_Sputnik V,Russia,Confirmed agreement,,,Bahia State,,,,,https://www.reuters.com/article/us-health-coronavirus-russia-brazil/brazilian-state-of-bahia-to-test-russias-vaccine-plans-to-buy-50-million-doses-idUSKBN2613NH,For Bahia state in Brazil,,,Brazil,Upper middle income,LMIC,Sputnik V,,,,,Adeno-based,,0.118455608,,,0.118455608,32791,795.93,,,,,5,,,,,,2,50000000,,25000000,211049527,,,,3,
,,,,,,,,,Gamaleya Research Institute,Gamaleya Research Institute_Sputnik V,Russia,Confirmed agreement,,,,,,,,,Pharco Group is distributor,,,Egypt,Lower middle income,LMIC,Sputnik V,https://egyptianstreets.com/2020/09/30/egypt-to-receive-25-million-doses-of-russias-covid-19-vaccine/,,https://www.reuters.com/article/idUSL8N2GF4TD,,Adeno-based,,0.124516784,,,0.124516784,1283,63.99,,,,,5,,,,,,2,25000000,,12500000,100388073,,,,,
Source,,,,,,,,,Gamaleya Research Institute,Gamaleya Research Institute_Sputnik V,Russia,,,,,,,,,,,,,India,Lower middle income,LMIC,Sputnik V,,,,Blen,Adeno-based,,0.109776091,,,0.109776091,7382,96.91,,,,,5,,,,,,2,300000000,,150000000,1366417754,,,,,
,Source,,,,,,,,Gamaleya Research Institute,Gamaleya Research Institute_Sputnik V,Russia,Confirmed agreement,,,,,,,,,,,,Kazakhstan,Upper middle income,LMIC,Sputnik V,,Source (10/30/20),,,Adeno-based,,0.054013383,0.081020075,,0.135033459,10540,126.33,,3000000,,,5,,,,,,2,2000000,1500000,1000000,18513930,,,,,
,,,Source,,,,,,Gamaleya Research Institute,Gamaleya Research Institute_Sputnik V,Russia,,,,,,,,,,,,,Malaysia,Upper middle income,LMIC,Sputnik V,,,,Blen,Adeno-based,,,,,0,3247,,,,,,5,,,,,,,,,,,,,,,
,,,,Source,,,,,Gamaleya Research Institute,Gamaleya Research Institute_Sputnik V,Russia,,,,,,,,,,,,,Mexico,Upper middle income,LMIC,Sputnik V,,,,,Adeno-based,,0.125415902,,,0.125415902,10730,865.99,,,,,5,,,,,,2,32000000,,16000000,127575529,,,,3,
,,,,Source,,,,,Gamaleya Research Institute,Gamaleya Research Institute_Sputnik V,Russia,,,,,,,,,,,,,Nepal,Lower middle income,LMIC,Sputnik V,,,,,Adeno-based,,0.436929872,,,0.436929872,8844,,,,,,5,,,,,,2,25000000,,12500000,28608710,,,,,
,,,,,,,,,Gamaleya Research Institute,Gamaleya Research Institute_Sputnik V,Russia,unknown status,,,,,,,,,,,,Saudi Arabia,High income,HIC,Sputnik V,,,,,Adeno-based,,,,,0,10400,166.03,,,,,5,,,,,,2,,,,,,,,,
Source:,,,,,,,Source:,,Gamaleya Research Institute,Gamaleya Research Institute_Sputnik V,Russia,Confirmed agreement,,,,,Q4,,,,,,,Uzbekistan,Lower middle income,LMIC,Sputnik V,https://www.reuters.com/article/idUSKCN26G0T2,,Source (11/10/20),,Adeno-based,,0.521133450,,,0.521133450,2293,18.02,,,,2020,5,,,,,,2,35000000,,17500000,33580650,,,,,
Source,,,,,,,,,Gamaleya Research Institute,Gamaleya Research Institute_Sputnik V,Russia,confirmed agreement,,,,,Q1,,,,,,,Venezuela,Upper middle income,LMIC,Sputnik V,,,Source (11/10/20),,Adeno-based,,0.175341211,,,0.175341211,3925,30.63,,,,2021,5,,,,,,2,10000000,,5000000,28515829,,,,3,
Source:,,,,,,,Source:,https://www.cnbc.com/2020/11/17/covid-vaccines-how-much-they-cost-whos-bought-them-and-how-theyre-stored.html,Janssen (J&J),Janssen (J&J)_Ad26.COV2.S,Netherlands,Confirmed agreement,,,,,Q1,,,,Beginning Phase III in September in Latin America,Beth Israel Deaconess Medical Center,,USA,High income,HIC,Ad26.COV2.S,,,Source (11/10/20),Elina,Adenoviral,,0.304655573,0.609311146,,0.913966719,57802,775.77,,200000000,,2021,6,,,,,,1,100000000,200000000,100000000,328239523,,,,10,1000000000
,,,,Source,,,,,Janssen (J&J),Janssen (J&J)_Ad26.COV2.S,Netherlands,Confirmed agreement,,,,,,,,https://www.bloomberg.com/news/articles/2020-08-31/trudeau-unveils-covid-19-vaccine-deals-with-novavax-j-j,,,,Canada,High income,HIC,Ad26.COV2.S,,,Source (11/10/20),,Adenoviral,,1.010927004,,,1.010927004,14588,303.51,,,,,6,,,,,,1,38000000,,38000000,37589262,,,,,
,,,,,,,,,Janssen (J&J),Janssen (J&J)_Ad26.COV2.S,Netherlands,Confirmed agreement,,,,,,,,,,,,Chile,High income,HIC,Ad26.COV2.S,,,,Blen,Adenoviral,,0.211059096,,,0.211059096,31303,,,,,,6,,,,,,1,4000000,,4000000,18952038,,,,,
,Source,,,,,,,,Janssen (J&J),Janssen (J&J)_Ad26.COV2.S,Netherlands,,,,,,,,,,,,,COVAX,Global entity/ COVAX,Unknown Amount,Ad26.COV2.S,,,,Blen,Adenoviral,,,,,0,,,,,,,6,,,,,,1,500000000,,500000000,,,,,,
,,,,,,,,,Janssen (J&J),Janssen (J&J)_Ad26.COV2.S,Netherlands,Confirmed agreement,,,,,,,,https://www.biopharma-reporter.com/Article/2020/09/10/EU-lines-up-deal-with-BioNTech-Pfizer-for-coronavirus-vaccine-supply,,,,EU,High income,HIC,Ad26.COV2.S,,,,,Adenoviral,,0.446915349,0.446915349,,0.893830698,32905,537.16,,200000000,,,6,,,,,,1,200000000,200000000,200000000,447512041,,,,,
Source,Source,,,,,,Source:,,Janssen (J&J),Janssen (J&J)_Ad26.COV2.S,Netherlands,,,,,,,,,,,,,Mexico,Upper middle income,LMIC,Ad26.COV2.S,,,Source (11/10/20),Blen,Adenoviral,,,0.172446865,,0.172446865,10730,,,22000000,,,6,,,,,,1,,22000000,,127575529,,,,,
,,,,,,,,,Janssen (J&J),Janssen (J&J)_Ad26.COV2.S,Netherlands,Confirmed agreement,,,,,Q3,,,,,,,New Zealand,High income,HIC,Ad26.COV2.S,,,Source (11/10/20),,Adenoviral,,0.406752085,0.610128127,,1.016880212,441,5.18,,3000000,,2021,6,,,,,,1,2000000,3000000,2000000,4917000,,,,,
Source,,,,,Source,,,,Janssen (J&J),Janssen (J&J)_Ad26.COV2.S,Netherlands,Potential deal,,,,,Q1,,,https://www.reuters.com/article/us-health-coronavirus-southkorea/south-korea-to-buy-millions-of-coronavirus-vaccine-doses-but-sees-no-need-to-hurry-idUSKBN28I053,,,,South Korea,High income,HIC,Ad26.COV2.S,,,Source (11/10/20),Jasmine,Adenoviral,,0.077355826,,,0.077355826,1125,,,,,2021,6,,,,,,1,4000000,,4000000,51709098,,,,,
Source,,,,,,,Source:,,Janssen (J&J),Janssen (J&J)_Ad26.COV2.S,Netherlands,Confirmed agreement,,,,,,,,https://www.biopharma-reporter.com/Article/2020/08/17/UK-strikes-deals-with-J-J-Novavax-to-source-90m-COVID-19-vaccines,,,,UK,High income,HIC,Ad26.COV2.S,,,Source (11/10/20),,Adenoviral,,0.448870608,0.329171779,,0.778042387,33331,930,,22000000,,,6,,,,,,1,30000000,22000000,30000000,66834405,,,,,
,,,,Source,,,,,Sanofi-GSK,Sanofi-GSK_SARS-CoV-2 Vaccine,,Confirmed agreement,,,,,,,,"https://www.sanofi.com/en/media-room/press-releases/2020/2020-09-03-07-00-00

https://www.precisionvaccinations.com/vaccines/sanofi-gsk-sars-cov-2-vaccine",Target of producing 1B doses in 2021,GSK,,USA,High income,HIC,SARS-CoV-2 Vaccine,,,,Blen,S protein,,0.152327787,0.761638933,,0.913966719,57802,775.77,,500000000,,,7,,,,,,2,100000000,250000000,50000000,328239523,,,,,2100000000
Source:,,,,,,,"link (Dec 9, 2020)",,Sanofi-GSK,Sanofi-GSK_SARS-CoV-2 Vaccine,,Confirmed agreement,,,,,,,,https://www.cbc.ca/news/health/canada-vaccine-agreements-1.5734101,,GSK,,Canada,High income,HIC,SARS-CoV-2 Vaccine,,,,,S protein,,0.957720319,,,0.957720319,14588,303.51,,,,2021,7,,,,,,2,72000000,,36000000,37589262,,,,,
,,,,,link,,,,Sanofi-GSK,Sanofi-GSK_SARS-CoV-2 Vaccine,,Confirmed agreement,,,,,,,,,,GSK,,COVAX,Global entity/ COVAX,Global Entity,SARS-CoV-2 Vaccine,https://www.gavi.org/news/media-room/gavi-signs-statement-intent-procure-200-million-doses-sanofi-gsk-covid-19-vaccine,,,,S protein,,,,,0,,,,,,,7,,,,,,2,200000000,,100000000,,,,,,
,,,,Source,,,,,Sanofi-GSK,Sanofi-GSK_SARS-CoV-2 Vaccine,,Confirmed agreement,,,,,Q1/Q2,,,https://www.biopharma-reporter.com/Article/2020/09/10/EU-lines-up-deal-with-BioNTech-Pfizer-for-coronavirus-vaccine-supply,,GSK,,EU,High income,HIC,SARS-CoV-2 Vaccine,,,,,S protein,,0.335186512,,,0.335186512,32905,537.16,,,,2021,7,,,,,,2,300000000,,150000000,447512041,,,,12,
,,,,,,,,,Sanofi-GSK,Sanofi-GSK_SARS-CoV-2 Vaccine,,Confirmed agreement,,,,,Q1/Q2,,,https://www.precisionvaccinations.com/vaccines/sanofi-gsk-sars-cov-2-vaccine,,GSK,,UK,High income,HIC,SARS-CoV-2 Vaccine,,,,,S protein,,0.448870608,,,0.448870608,33331,930,,,,2021,7,,,,,,2,60000000,,30000000,66834405,,,,,
,,,,,,,,,Sinovac,Sinovac_Coronavac,China,Confirmed agreement,,2020/12/15,,,Q4,,,,"3 million by 2020 and 125 million by 2021 (1.2 million doses of the vaccine arrived in Indonesia and 1.8 million expected in January, according to the government)",Butantan Institute,,Indonesia,Upper middle income,LMIC,Coronavac,,,,Arthur,Inactivated,,0.231870183,,,0.231870183,2608,67,,,,2301,8,,,,,,2,125500000,,62750000,270625568,,,,14,
Source:,,Source,,,,,,,Sinovac,Sinovac_Coronavac,China,Confirmed agreement,,,,,Q4,,,,,,,Brazil,Upper middle income,LMIC,Coronavac,https://www.reuters.com/article/idUSL1N2GT1HV,,,,Inactivated,,0.108979159,,,0.108979159,32791,795.93,,,,2020,8,,,,,,2,46000000,,23000000,211049527,,,,10,90000000
,,Source:,,,,,,,Sinovac,Sinovac_Coronavac,China,Confirmed agreement,,,,,,,,,,,,Chile,High income,HIC,Coronavac,,,,,Inactivated,,1.582943217,,,1.582943217,31303,788.28,,,,,8,,,,,,2,60000000,,30000000,18952038,,,,,
,,Source:,,,,,,,Sinovac,Sinovac_Coronavac,China,,,2020/12/11,,,Q1,,,,,,,Hong Kong,High income,HIC,Coronavac,,,Source (11/10/20),,Inactivated,,0.499507153,,,0.499507153,832,14.54,,,,,8,,,,,,2,7500000,,3750000,7507400,,,,,
,,Source:,,,,,,,Sinovac,Sinovac_Coronavac,China,,,,,,,,,,,,,Malaysia,Upper middle income,LMIC,Coronavac,,,,Blen,Inactivated,,,,,0,3247,,,,,,8,,,,,,,,,,,,,,,
,,Source,,,,,,,Sinovac,Sinovac_Coronavac,China,,,,,,,,,,,,,Mexico,Upper middle income,LMIC,Coronavac,,,,Blen,Inactivated,,,0.137173642,,0.137173642,10730,,,35000000,,,8,,,,,,2,,17500000,,127575529,,,,,
,,,,,,,,,Sinovac,Sinovac_Coronavac,China,TBD (Finalizing negotiation),,2020/12/15,,,Q1,,,,,,,Philippines,Lower middle income,LMIC,Coronavac,,,,,Inactivated,,,0.115615902,,0.115615902,4280,79.18,,25000000,,2021,8,,,,,,2,,12500000,,108116615,,,,,
,,Source:,,,,,,,Sinovac,Sinovac_Coronavac,China,TBD,,,,,Q4,,,,,,,Turkey,Upper middle income,LMIC,Coronavac,,,,,Inactivated,,0.299653786,,,0.299653786,22295,158.56,,,,2020,8,,,,,,2,50000000,,25000000,83429615,,,,,
,,,,,,,,,Sinopharm,Sinopharm,China,Confirmed agreement,,2020/12/9,,,Q4,,,https://clinicaltrials.gov/ct2/show/NCT04510207,The Wuhan and Beijing vaccines from Sinopharm are being tested as two arms in the same RCT,"Wuhan Institute of Biological Products, G42, Abu Dhabi Health Services",,Morocco,Lower middle income,LMIC,,,,,Arthur,Inactivated,,0.137092336,,,0.137092336,11706,142.4,,,,2020,9,,,,,,2,10000000,,5000000,36471769,,,,,
,,,,,,,,Source,Sinopharm,Sinopharm,China,Confirmed agreement,,,,,Q2,,,http://www.biofarma.co.id/mpr-beri-dukungan-bio-farma-untuk-produksi-vaksin-covid-19-2/,,"Beijing Institute of Biological Products, G42, Abu Dhabi Health Services",,Indonesia,Upper middle income,LMIC,,,,,,Inactivated,,0.110854271,,,0.110854271,2608,67,,,,2301,9,,,,,,2,60000000,,30000000,270625568,,,,,
,,,,,,,,,Sinopharm,Sinopharm,China,,,,,,,,,,under negotiation,,,Peru,Upper middle income,LMIC,,,,,Blen,Inactivated,,,,,0,,,,,,,9,,,,,,,,,,,,,,,
,,,,,,,,,CanSino Biologics,CanSino Biologics_Ad5-nCoV,China,,,,,,,,,,,China Academy of Military Medical Sciences,,,Latin America W/O Brazil ,Unknown Amount,Ad5-nCoV,,,,Arthur,Adenovirus Type 5 vector,,,,,0,,,,,,,10,,,,,,1,,,,,,,,,
,,,,Source,,,,,CanSino Biologics,CanSino Biologics_Ad5-nCoV,China,Pending,,,,,Q2,,,link,,,,Indonesia,Upper middle income,LMIC,Ad5-nCoV,,,,,Adenovirus Type 5 Vector,,0.073902847,,,0.073902847,2608,67,,,,2301,10,,,,,,1,20000000,,20000000,270625568,,,,,
,,,,,,,,,CanSino Biologics,CanSino Biologics_Ad5-nCoV,China,,,,,,,,,,,,,Malaysia,Upper middle income,LMIC,Ad5-nCoV,,,,Blen,Adenovirus Type 5 Vector,,,,,0,3247,,,,,,10,,,,,,,,,,,,,,,
,,,,,,,,,CanSino Biologics,CanSino Biologics_Ad5-nCoV,China,Confirmed agreement,,,,,,,,,,,,Mexico,Upper middle income,LMIC,Ad5-nCoV,http://www.cansinotech.com/html/1/179/180/556.html,,,,Adenovirus Type 5 Vector,,,,,0,10730,865.99,,10000000,,,10,,,,,,1,,,,127575529,,,,,
Source:,,,,,,,,,CanSino Biologics,CanSino Biologics_Ad5-nCoV,China,,,,,,,,,,,Beijing Institute of Biotechnology,,,Latin America W/O Brazil ,Unknown Amount,Ad5-nCoV,,,Source (11/10/20),,Adenovirus Type 5 vector,,,,,0,,,,,,,10,,,,,,1,,,,,,,,,
Source:,,,,,,,Source:,,CanSino Biologics,CanSino Biologics_Ad5-nCoV,China,,,,,,,,,,,NPO Petrovax,,,Latin America W/O Brazil ,Unknown Amount,Ad5-nCoV,,,,,Adenovirus Type 5 vector,,,,,0,,,,,,,10,,,,,,1,,,,,,,,,
Source:,,,,,,,,,CanSino Biologics,CanSino Biologics_Ad5-nCoV,China,,,,,,,,,,Beginning recruitment for Phase II trial in Canada (concurrent with Phase III trials in other countries),Canadian Center for Vaccinology,,,Latin America W/O Brazil ,Unknown Amount,Ad5-nCoV,,,,,Adenovirus Type 5 vector,,,,,0,,,,,,,10,,,,,,1,,,,,,,,,
Source:,,Source,,,,,,,Anhui Zhifei Longcom Biopharmaceutical (ZFSW),Anhui Zhifei Longcom Biopharmaceutical (ZFSW),China,,,,,,,,,https://clinicaltrials.gov/ct2/show/NCT04466085,,Chinese Academy of Medical Sciences,,,Latin America W/O Brazil ,Unknown Amount,,,,,Arthur,Adjuvanted recombinant protein (RBD-Dimer),,,,,0,,,,,,,11,,,,,,,,,,,,,,,
,,,,,,,,,Chinese Academy of Medical Sciences,Chinese Academy of Medical Sciences_SARS-Cov-2,China,,,,,,,,,https://clinicaltrials.gov/ct2/show/NCT04470609,,"West China Second University Hospital, Sichuan University",,,Latin America W/O Brazil ,Unknown Amount,SARS-Cov-2,,,Source (11/10/20),Arthur,Inactivated,,,,,0,,,,,,,12,,,,,,2,,,,,,,,,
Source:,,,,,,,Source:,,Chinese Academy of Medical Sciences,Chinese Academy of Medical Sciences_SARS-Cov-2,China,,,,,,,,,,,Yunnan Center for Disease Control and Prevention,,,Latin America W/O Brazil ,Unknown Amount,SARS-Cov-2,,,,,Inactivated,,,,,0,,,,,,,12,,,,,,2,,,,,,,,,
Source,,,,,,,Source:,,CureVac,CureVac_CVnCov,Germany,confirmed agreement,,,,,,,,https://www.curevac.com/en/2020/08/20/curevac-and-european-commission-in-advanced-discussions-to-supply-up-to-405-million-doses-of-potential-mrna-based-covid-19-vaccine/,"""The envisaged contract with CureVac would provide for the possibility for all EU Member States to purchase the vaccine, as well as to donate to lower and middle income countries or re-direct to European countries.""

*Not clear if this is a final deal with the EU; talks have ""concluded"" but don't know if that means an agreement is done

CureVac is a biotech backed by Bill Gates",CEPI,,EU,High income,HIC,CVnCov,,,,Elina,mRNA,,0.251389884,,,0.251389884,32905,537.16,,180000000,,2021,13,,,,,,2,225000000,,112500000,447512041,,,,,
Source,,,,,,,,,CureVac,CureVac_CVnCov,Germany,potential deal,,,,,,,,,,,,Mexico,Upper middle income,LMIC,CVnCov,,,,Blen,mRNA,,,0.137173642,,0.137173642,10730,,,35000000,,,13,,,,,,2,,17500000,,127575529,,,,,
,,,,Source,,,,,CureVac,CureVac_CVnCov,Germany,,,,,,,,,,,,,Saudi Arabia,High income,HIC,CVnCov,,,,,mRNA,,,,,0,,,,,,,13,,,,,,,,,,,,,,,
Source:,,,,,,,,,Arcturus Therapeutics,Arcturus Therapeutics_LUNAR-COV19,USA,confirmed deal,2020/7/23,,,,Q1,,,,,,,Israel,High income,HIC,LUNAR-COV19,,,,Blen,mRNA,,0.441827842,,,0.441827842,46383,324.19,,,,2021,14,,,,,,1,4000000,,4000000,9053300,,,,,275000000
Source:,,,,,,,Source,,Arcturus Therapeutics,Arcturus Therapeutics_LUNAR-COV19,USA,Funding for vaccine purchases available but don't know how many doses,,,,,Q1,,,,,Duke-NUS,,Singapore,High income,HIC,LUNAR-COV19,,,,,mRNA,,,,,0,10004,4.79,,,,2021,14,,,,,,,,,,,,,,,
Source:,,,,,,,,,Medicago,Medicago_CoVLP,Canada,Confirmed agreement,,,,,,,,,,,,Canada,High income,HIC,CoVLP,https://www.medicago.com/en/newsroom/medicago-signs-agreements-with-the-government-of-canada-to-supply-up-to-76-million-doses-of-its-recombinant-plant-derived-covid-19-vaccine/,,Source (11/10/20),Blen,,,1.010927004,,,1.010927004,14588,303.51,,,,,15,,,,,,2,76000000,,38000000,37589262,,,,,
Source,,,,,,,,,COVAXX (United Biomedical),COVAXX (United Biomedical)_UB-162,USA,Confirmed agreement,,,,,,,,,,,,Ecuador,Upper middle income,LMIC,UB-162,https://twitter.com/Lenin/status/1319620792414539777?s=20,,,Blen,,,0.057558389,,,0.057558389,11862,748.23,,,,,16,,,,,,2,2000000,,1000000,17373662,,,,,
,,,,,,,,,Valneva,Valneva_VLA2001,France,Confirmed agreement,,,,,Q3/Q4,,,https://valneva.com/press-release/valneva-announces-major-covid-19-vaccine-partnership-with-u-k-government/,,,,UK,High income,HIC,VLA2001,,,,Elina,,,0.448870608,0.972552984,,1.421423592,33331,930,,130000000,,2021,17,,,,,,2,60000000,65000000,30000000,66834405,,,,,603010000
Source,,,,,,,,,COVAX Vaccines,COVAX Vaccines,,Confirmed agreement,,,,,,,,https://www.hindustantimes.com/india-news/covid-19-serum-institute-to-produce-additional-100-million-vaccine-doses/story-L9R2zw4Nf08ENQj2gzLbSI.html,SII to manufacture these,,,COVAX,Global entity/ COVAX,Global Entity,,,,,Blen,,,,,,0,,,,900000000,,,18,,,,,,,200000000,,,,,,,,
,,,,,,,,,AnGes,AnGes_AG0301 -COVID19,Japan,,,,,,,,,,,"Osaka University and Takara Bio, Japan Agency for Medical Research and Development",,,Latin America W/O Brazil ,Unknown Amount,AG0301 -COVID19,,,,Elina,DNA plasmid vaccine + adjuvant,,,,,0,,,,,,,19,,,,,,2,,,,,,,,,
,,,,,,,,,Bharat Biotech,Bharat Biotech_BBV152,India,,,,,,,,,,,Indian Council of Medical Research and National Institute of Virology,,,Latin America W/O Brazil ,Unknown Amount,BBV152,,,,Andrea,Whole-viron inactivated,,,,,0,,,,,,,20,,,,,,2,,,,,,,,,
,,,,,Source,,,,Fundació Institut Germans Trias i Pujol,Fundació Institut Germans Trias i Pujol_RUTI,Spain,,,,,,,,,https://clinicaltrials.gov/ct2/show/NCT04453488,,,,,Latin America W/O Brazil ,Unknown Amount,RUTI,,,,Blen,,,,,,0,,,,,,,21,,,,,,,,,,,,,,,
,,,,,,,,,IFV,IFV,Cuba,,,,,,,,,,,,,,Latin America W/O Brazil ,Unknown Amount,,,,Source (11/10/20),Blen,RBD + adjuvant,,,,,0,,,,,,,22,,,,,,2,,,,,,,,,
Source:,,,,,,,,,Imperial College London,Imperial College London_LNP-nCoVsaRNA,UK,,,,UK and LMICs,,,,,Elina: I can't find a source for this data - consider removing if can't find,"For the UK and low-income countries abroad, Imperial and VGH will waive royalties and charge only modest cost-plus prices to sustain the enterprise’s work, accelerate global distribution and support new research.","VacEquity Global Health, Morningside Ventures",,,Latin America W/O Brazil ,Unknown Amount,LNP-nCoVsaRNA,,,Source (11/10/20),Andrea,self-amplifying ribonucleic acid (saRNA),,,,,0,,,,,,,23,,,,,,,,,,,,,,,
,,,,,,,,,Vector Institute,Vector Institute_EpiVacCorona,Russia,,,,,,,,,,,,,,Latin America W/O Brazil ,Unknown Amount,EpiVacCorona,,,,Blen,peptide antigens,,,,,0,,,,,,,24,,,,,,,,,,,,,,,
,,,,,,,,,Zydus Cadila,Zydus Cadila_ZyCoV-D,India,,,,,,,,,,,,,,Latin America W/O Brazil ,Unknown Amount,ZyCoV-D,,,Source (11/10/20),Blen,DNA plasmid vaccine,,,,,0,,,,,,,25,,,,,,3,,,,,,,,,
